reject,poster,spotlight,oral
dataset,pages,2021,sql
adversarial,trajectory,pmb theta,win
quot,cl,al 2021,hat mu
method,kappa_,coloneqq,sr
proposed,feedback,app,neurons
process,shapley,theta mathbf,c_ mathrm
loss function,lms,hamiltonian,7b
approach,triangleq,languages,patterns
llms,weak,editing,seed
datasets,phi,social,gene
semantic,eta,perceptual,transformer
algorithm,tree,views,patches
networks,pe,fig,selection
techniques,icl,inverse,cdot
distributed,mathbf ell,predictor,deformable
gets,llm,sup,light
layers,responses,lambda,influence
ieee,dagger,approximation,alignment
clients,prompting,norm,clip
encoder,weights,a_,appendix
